Workbook

Sheet dataset
B1: Emp ID | C1: Employee Name | D1: Dept | E1: City | F1: Salary | G1: Sales | H1: Target | I1: Rating | J1: Attendance % | K1: Experience | L1: Phone | M1: Email | O1: SUCCESS STATUS | P1: RATING REVIEW | Q1: BONUS | R1: promotion ELIGIBILITY | S1: SPECIAL BONUS | T1: SALARY CATEGORY | U1: EMPLOYEE ELIGIBILITY
B2: E001 | C2: Amit Sharma | D2: finance | E2: Mumbai | F2: 45000 | G2: 85000 | H2: 80000 | I2: 4 | J2: 96 | K2: 5 | L2: 9876543210 | M2: amit@gmail.com | O2: =IF(G2<=H2,"ACHIVED","NOT ACHIEVED") -> NOT ACHIEVED | P2: {=IF(I2:I11<=4,"GOOD","NEEDS IMPROVEMENTS")} -> GOOD | Q2: =IF(AND(F2>=50000,K2>=3),"BONUS","NO BONUS") -> NO BONUS | R2: =IF(AND(I2>=4,J2>=95%,G2>=H2),"ELIGIBLE","NOTELIGIBLE") -> ELIGIBLE | S2: =IF(AND(OR(D2="IT",D2="FINANCE"),G2>H2),"BONUS","NO BONUS") -> BONUS | T2: =IF(P2="GOOD",BONUS,IF(P2="EXCELLENT","OVER BONUS",IF(P2="NEED IMPROVEMENT",P2))) -> #NAME? | U2: =IF(AND(dataset!K2:K11>=5,dataset!J2:J11>=95%),"ELIGIBLE","NOT ELIGIBLE") -> ELIGIBLE
B3: E002 | C3: Neha Patel | D3: HR | E3: Pune | F3: 52000 | G3: 62000 | H3: 70000 | I3: 3 | J3: 91 | K3: 4 | L3: 9876501234 | M3: neha@gmail.com | O3: =IF(G3<=H3,"ACHIVED","NOT ACHIEVED") -> ACHIVED | P3: GOOD | Q3: =IF(AND(F3>=50000,K3>=3),"BONUS","NO BONUS") -> BONUS | R3: =IF(AND(I3>=4,J3>=95%,G3>=H3),"ELIGIBLE","NOTELIGIBLE") -> NOTELIGIBLE | S3: =IF(AND(OR(D3="IT",D3="FINANCE"),G3>H3),"BONUS","NO BONUS") -> NO BONUS | T3: =IF(P3="GOOD",BONUS,IF(P3="EXCELLENT","OVER BONUS",IF(P3="NEED IMPROVEMENT",P3))) -> #NAME? | U3: =IF(AND(dataset!K3:K12>=5,dataset!J3:J12>=95%),"ELIGIBLE","NOT ELIGIBLE") -> NOT ELIGIBLE
B4: E003 | C4: Rahul Verma | D4: IT | E4: Mumbai | F4: 68000 | G4: 95000 | H4: 90000 | I4: 5 | J4: 98 | K4: 7 | L4: 9988776655 | M4: rahul@gmail.com | O4: =IF(G4<=H4,"ACHIVED","NOT ACHIEVED") -> NOT ACHIEVED | P4: NEEDS IMPROVEMENTS | Q4: =IF(AND(F4>=50000,K4>=3),"BONUS","NO BONUS") -> BONUS | R4: =IF(AND(I4>=4,J4>=95%,G4>=H4),"ELIGIBLE","NOTELIGIBLE") -> ELIGIBLE | S4: =IF(AND(OR(D4="IT",D4="FINANCE"),G4>H4),"BONUS","NO BONUS") -> BONUS | T4: =IF(P4="GOOD",BONUS,IF(P4="EXCELLENT","OVER BONUS",IF(P4="NEED IMPROVEMENT",P4))) -> FALSE | U4: =IF(AND(dataset!K4:K13>=5,dataset!J4:J13>=95%),"ELIGIBLE","NOT ELIGIBLE") -> ELIGIBLE
B5: E004 | C5: Priya Shah | D5: Sales | E5: Nashik | F5: 48000 | G5: 72000 | H5: 80000 | I5: 3 | J5: 88 | K5: 3 | L5: 9876123456 | M5: priya@gmail.com | O5: =IF(G5<=H5,"ACHIVED","NOT ACHIEVED") -> ACHIVED | P5: GOOD | Q5: =IF(AND(F5>=50000,K5>=3),"BONUS","NO BONUS") -> NO BONUS | R5: =IF(AND(I5>=4,J5>=95%,G5>=H5),"ELIGIBLE","NOTELIGIBLE") -> NOTELIGIBLE | S5: =IF(AND(OR(D5="IT",D5="FINANCE"),G5>H5),"BONUS","NO BONUS") -> NO BONUS | T5: =IF(P5="GOOD",BONUS,IF(P5="EXCELLENT","OVER BONUS",IF(P5="NEED IMPROVEMENT",P5))) -> #NAME? | U5: =IF(AND(dataset!K5:K14>=5,dataset!J5:J14>=95%),"ELIGIBLE","NOT ELIGIBLE") -> NOT ELIGIBLE
B6: E005 | C6: Sneha Joshi | D6: Finance | E6: Pune | F6: 60000 | G6: 88000 | H6: 85000 | I6: 4 | J6: 94 | K6: 6 | L6: 9988123456 | M6: sneha@gmail.com | O6: =IF(G6<=H6,"ACHIVED","NOT ACHIEVED") -> NOT ACHIEVED | P6: GOOD | Q6: =IF(AND(F6>=50000,K6>=3),"BONUS","NO BONUS") -> BONUS | R6: =IF(AND(I6>=4,J6>=95%,G6>=H6),"ELIGIBLE","NOTELIGIBLE") -> ELIGIBLE | S6: =IF(AND(OR(D6="IT",D6="FINANCE"),G6>H6),"BONUS","NO BONUS") -> BONUS | T6: =IF(P6="GOOD",BONUS,IF(P6="EXCELLENT","OVER BONUS",IF(P6="NEED IMPROVEMENT",P6))) -> #NAME? | U6: =IF(AND(dataset!K6:K15>=5,dataset!J6:J15>=95%),"ELIGIBLE","NOT ELIGIBLE") -> ELIGIBLE
B7: E006 | C7: Karan Mehta | D7: IT | E7: Thane | F7: 75000 | G7: 110000 | H7: 100000 | I7: 5 | J7: 97 | K7: 8 | L7: 9898989898 | M7: karan@gmail.com | O7: =IF(G7<=H7,"ACHIVED","NOT ACHIEVED") -> NOT ACHIEVED | P7: NEEDS IMPROVEMENTS | Q7: =IF(AND(F7>=50000,K7>=3),"BONUS","NO BONUS") -> BONUS | R7: =IF(AND(I7>=4,J7>=95%,G7>=H7),"ELIGIBLE","NOTELIGIBLE") -> ELIGIBLE | S7: =IF(AND(OR(D7="IT",D7="FINANCE"),G7>H7),"BONUS","NO BONUS") -> BONUS | T7: =IF(P7="GOOD",BONUS,IF(P7="EXCELLENT","OVER BONUS",IF(P7="NEED IMPROVEMENT",P7))) -> FALSE | U7: =IF(AND(dataset!K7:K16>=5,dataset!J7:J16>=95%),"ELIGIBLE","NOT ELIGIBLE") -> ELIGIBLE
B8: E007 | C8: Pooja Gupta | D8: HR | E8: Mumbai | F8: 50000 | G8: 75000 | H8: 70000 | I8: 4 | J8: 92 | K8: 5 | L8: 9876541230 | M8: pooja@gmail.com | O8: =IF(G8<=H8,"ACHIVED","NOT ACHIEVED") -> NOT ACHIEVED | P8: GOOD | Q8: =IF(AND(F8>=50000,K8>=3),"BONUS","NO BONUS") -> BONUS | R8: =IF(AND(I8>=4,J8>=95%,G8>=H8),"ELIGIBLE","NOTELIGIBLE") -> ELIGIBLE | S8: =IF(AND(OR(D8="IT",D8="FINANCE"),G8>H8),"BONUS","NO BONUS") -> NO BONUS | T8: =IF(P8="GOOD",BONUS,IF(P8="EXCELLENT","OVER BONUS",IF(P8="NEED IMPROVEMENT",P8))) -> #NAME? | U8: =IF(AND(dataset!K8:K17>=5,dataset!J8:J17>=95%),"ELIGIBLE","NOT ELIGIBLE") -> ELIGIBLE
B9: E008 | C9: Rohan Singh | D9: Sales | E9: Pune | F9: 47000 | G9: 65000 | H9: 75000 | I9: 2 | J9: 85 | K9: 2 | L9: 9867543210 | M9: rohan@gmail.com | O9: =IF(G9<=H9,"ACHIVED","NOT ACHIEVED") -> ACHIVED | P9: GOOD | Q9: =IF(AND(F9>=50000,K9>=3),"BONUS","NO BONUS") -> NO BONUS | R9: =IF(AND(I9>=4,J9>=95%,G9>=H9),"ELIGIBLE","NOTELIGIBLE") -> NOTELIGIBLE | S9: =IF(AND(OR(D9="IT",D9="FINANCE"),G9>H9),"BONUS","NO BONUS") -> NO BONUS | T9: =IF(P9="GOOD",BONUS,IF(P9="EXCELLENT","OVER BONUS",IF(P9="NEED IMPROVEMENT",P9))) -> #NAME? | U9: =IF(AND(dataset!K9:K18>=5,dataset!J9:J18>=95%),"ELIGIBLE","NOT ELIGIBLE") -> NOT ELIGIBLE
B10: E009 | C10: Anjali Rao | D10: Finance | E10: Nashik | F10: 63000 | G10: 92000 | H10: 90000 | I10: 4 | J10: 95 | K10: 7 | L10: 9988771122 | M10: anjali@gmail.com | O10: =IF(G10<=H10,"ACHIVED","NOT ACHIEVED") -> NOT ACHIEVED | P10: GOOD | Q10: =IF(AND(F10>=50000,K10>=3),"BONUS","NO BONUS") -> BONUS | R10: =IF(AND(I10>=4,J10>=95%,G10>=H10),"ELIGIBLE","NOTELIGIBLE") -> ELIGIBLE | S10: =IF(AND(OR(D10="IT",D10="FINANCE"),G10>H10),"BONUS","NO BONUS") -> BONUS | T10: =IF(P10="GOOD",BONUS,IF(P10="EXCELLENT","OVER BONUS",IF(P10="NEED IMPROVEMENT",P10))) -> #NAME? | U10: =IF(AND(dataset!K10:K19>=5,dataset!J10:J19>=95%),"ELIGIBLE","NOT ELIGIBLE") -> ELIGIBLE
B11: E010 | C11: Vijay Kumar | D11: IT | E11: Thane | F11: 72000 | G11: 98000 | H11: 100000 | I11: 3 | J11: 90 | K11: 6 | L11: 9876123987 | M11: vijay@gmail.com | O11: =IF(G11<=H11,"ACHIVED","NOT ACHIEVED") -> ACHIVED | P11: GOOD | Q11: =IF(AND(F11>=50000,K11>=3),"BONUS","NO BONUS") -> BONUS | R11: =IF(AND(I11>=4,J11>=95%,G11>=H11),"ELIGIBLE","NOTELIGIBLE") -> NOTELIGIBLE | S11: =IF(AND(OR(D11="IT",D11="FINANCE"),G11>H11),"BONUS","NO BONUS") -> NO BONUS | T11: =IF(P11="GOOD",BONUS,IF(P11="EXCELLENT","OVER BONUS",IF(P11="NEED IMPROVEMENT",P11))) -> #NAME? | U11: =IF(AND(dataset!K11:K20>=5,dataset!J11:J20>=95%),"ELIGIBLE","NOT ELIGIBLE") -> ELIGIBLE
F12: =SUM(F2:F11) -> 580000 | S12: =IF(AND(OR(D12="IT",D12="FINANCE"),G12>H12),"BONUS","NO BONUS") -> NO BONUS | T12: =IF(P12="GOOD",BONUS,IF(P12="EXCELLENT","OVER BONUS",IF(P12="NEED IMPROVEMENT",P12))) -> FALSE | U12: =IF(AND(dataset!K12:K21>=5,dataset!J12:J21>=95%),"ELIGIBLE","NOT ELIGIBLE") -> NOT ELIGIBLE

Sheet Agreegate fonction
B2: Aggregate Functions — Questions 1–10
B4: 1. Total Salary
B5: Calculate the total salary paid to all employees. | H5: =SUM(dataset!$F$2:'dataset'!$F$11) -> 580000
B8: 2. Total Sales
B9: Calculate the total sales generated by all employees. | H9: =SUM(dataset!$G$2:'dataset'!$G$11) -> 842000
B12: 3. Average Salary
B13: Find the average salary of all employees. | H13: =AVERAGE(dataset!$G$2:'dataset'!$G$11) -> 84200
B16: 4. Highest Sales
B17: Find the employee's highest sales amount. | H17: =MAX(dataset!$G$2:$G$11) -> 110000
B20: 5. Lowest Salary
B21: Find the lowest salary among all employees. | H21: =MIN(dataset!$G$2:$G$11) -> 62000
B24: 6. Count Employees
B25: Count the total number of employees. | H25: =COUNTA(dataset!$C$2:$C$11) -> 10
B28: 7. Sales Department Salary
B29: Calculate the total salary paid to Sales department employees. | H29: =SUMIF(dataset!$D$2:$D$11,"sales",dataset!$F$2:$F$11) -> 95000
B32: 8. IT Department Sales
B33: Calculate the total sales generated by IT employees. | H33: =SUMIF(dataset!$D$2:D11,"it",dataset!$G$2:$G$11) -> 303000
B36: 9. Average Finance Salary
B37: Calculate the average salary of Finance employees. | H37: =AVERAGEIF(dataset!$D$2:$D$11,"finance",dataset!$F$2:$F$11) -> 56000
B40: 10. Count High Performers
B41: Count employees whose Rating is 4 or above. | H41: =COUNTIF(dataset!$I$2:$I$11,"<=4") -> 8

Sheet Logical function
B2: 11. Target Achievement
B3: If Sales is greater than or equal to Target, display "Achieved", otherwise "Not Achieved". | L3: =IF(dataset!$G$2<=dataset!$H$2,"ACHIVED","NOT ACHIEVED") -> NOT ACHIEVED
B6: 12. Performance Status
B7: If Rating is 4 or 5, display "Good", otherwise "Needs Improvement".
B10: 13. Bonus Eligibility
B11: An employee receives a bonus if:
B13: Salary > ₹50,000
B14: Experience > 3 years
B16: Display "Bonus" or "No Bonus".
B19: 14. Promotion Eligibility
B20: An employee is eligible for promotion if:
B22: Rating >= 4
B23: Attendance >= 95%
B24: Sales >= Target
... B74: If Sales or Target is blank, display "Check Data". Otherwise display "Valid".

Sheet Text Function
B2: 21. Extract First Name
B3: From Employee Name, extract only the first name. | H3: =LEFT(dataset!$C$2,5) -> Amit
B5: Example:
B6: Amit Sharma → Amit
B12: 22. Extract Last Name
B13: Extract the last name from Employee Name. | H13: =RIGHT(dataset!$C$2,7) -> Sharma
B15: Example:
B16: Neha Patel → Patel
B22: 23. Create Employee Code
B23: Create a new code using:
B25: First 3 letters of Department + Last 3 digits of Emp ID | H25: =TEXT(LEFT(dataset!$D$2,3),RIGHT(dataset!$B$2,3)) -> fin
B27: Example:
B28: Sales + E001 → SAL001
B34: 24. Create Official Email
B35: Create an email using the employee's first name:
B37: Example:
B39: Amit Sharma → amit@company.com
B45: 25. Full Employee Information
B46: Create a sentence like:
B48: "Amit Sharma works in Sales department."
B54: 26. Employee ID Check
B55: Check whether Emp ID starts with "E".
B57: Display:
... B101: The result should automatically change for every employee.
